{
    "x": -190.12424601428307,
    "y": -4.211954599399264,
    "theta": 2.118401050567627,
    "speed": 2.515188145695882e-08,
    "target_speed": 4.0,
    "x_command": -191.576949491674,
    "y_command": 34.699081468192645,
    "command": 4,
    "steer": -0.228,
    "throttle": 0.75,
    "brake": false,
    "weather": {
        "cloudiness": 0.0,
        "precipitation": 0.0,
        "precipitation_deposits": 0.0,
        "wind_intensity": 0.0,
        "sun_azimuth_angle": 0.0,
        "sun_altitude_angle": 70.0,
        "fog_density": 0.0,
        "fog_distance": 1.0,
        "wetness": 0.0,
        "fog_falloff": 0.0
    },
    "weather_id": null,
    "near_node_x": -191.55486900963473,
    "near_node_y": 0.5450741060056823,
    "far_node_x": -191.576949491674,
    "far_node_y": 34.699081468192645,
    "is_vehicle_present": 0,
    "is_pedestrian_present": 0,
    "is_red_light_present": 0,
    "is_stop_sign_present": 0,
    "should_slow": 1,
    "should_brake": 0,
    "angle": -0.1626374379024057,
    "angle_unnorm": -14.637369411216513,
    "angle_far_unnorm": -29.237353568391722
}